Unnamed: 0.1,Unnamed: 0,Text,Sentiment,Timestamp,User,Platform,Hashtags,Retweets,Likes,Country,Year,Month,Day,Hour
0,0, Enjoying a beautiful day at the park!              ,0.75,2023-01-15 12:30:00, User123      , Twitter  , #Nature #Park                            ,15.0,30.0,USA,2023,1,15,12
1,1, Traffic was terrible this morning.                 ,-1.0,2023-01-15 08:45:00, CommuterX    , Twitter  , #Traffic #Morning                        ,5.0,10.0,Canada,2023,1,15,8
2,2, Just finished an amazing workout! üí™               ,0.7500000000000001,2023-01-15 15:45:00, FitnessFan   , Instagram , #Fitness #Workout                        ,20.0,40.0,USA,2023,1,15,15
6,6, Rainy days call for cozy blankets and hot cocoa.   ,0.02500000000000001,2023-01-16 14:45:00, RainyDays    , Facebook , #RainyDays #Cozy                         ,10.0,20.0,Canada,2023,1,16,14
7,7, The new movie release is a must-watch!             ,0.17045454545454544,2023-01-16 19:30:00, MovieBuff    , Instagram , #MovieNight #MustWatch                  ,15.0,30.0,USA,2023,1,16,19
8,8, Political discussions heating up on the timeline.  ,0.0,2023-01-17 08:00:00, DebateTalk   , Twitter  , #Politics #Debate                       ,30.0,60.0,USA,2023,1,17,8
10,10, Just published a new blog post. Check it out!      ,0.17045454545454544,2023-01-17 15:15:00, BloggerX     , Instagram , #Blogging #NewPost                      ,22.0,45.0,USA,2023,1,17,15
11,11, Feeling a bit under the weather today.             ,0.0,2023-01-18 10:30:00, WellnessCheck, Twitter  , #SickDay #Health                        ,7.0,15.0,Canada,2023,1,18,10
13,13," New year, new fitness goals! üí™                    ",0.15340909090909088,2023-01-18 18:00:00, FitJourney   , Instagram , #NewYear #FitnessGoals                  ,28.0,55.0,USA,2023,1,18,18
15,15, Reflecting on the past and looking ahead.          ,-0.25,2023-01-19 13:20:00, Reflections  , Facebook , #Reflection #Future                     ,20.0,40.0,USA,2023,1,19,13
16,16, Just adopted a cute furry friend! üêæ              ,0.625,2023-01-19 17:10:00, PetAdopter   , Instagram , #PetAdoption #FurryFriend               ,15.0,30.0,Canada,2023,1,19,17
18,18, Attending a virtual conference on AI.              ,0.0,2023-01-20 11:30:00, TechConference, Facebook , #AI #TechConference                     ,25.0,50.0,USA,2023,1,20,11
19,19, Winter blues got me feeling low.                   ,0.0,2023-01-20 15:15:00, WinterBlues  , Instagram , #WinterBlues #Mood                      ,8.0,15.0,USA,2023,1,20,15
21,21, Exploring the world of virtual reality.            ,0.0,2023-01-21 13:20:00, VRExplorer   , Facebook , #VR #VirtualReality                     ,15.0,30.0,USA,2023,1,21,13
22,22, Productive day ticking off my to-do list.          ,0.0,2023-01-21 16:45:00, ProductivityPro, Instagram , #Productivity #WorkFromHome           ,30.0,60.0,USA,2023,1,21,16
24,24, Celebrating a milestone at work! üéâ               ,0.0,2023-01-22 14:30:00, CareerMilestone, Facebook , #Career #Milestone                      ,12.0,25.0,Canada,2023,1,22,14
29,30, Reflecting on the importance of mental health.     ,-0.1,2023-01-24 11:30:00, MentalHealthMatters, Twitter  , #MentalHealth #SelfCare                 ,22.0,45.0,USA,2023,1,24,11
30,31, New painting in progress! üé®                       ,0.17045454545454544,2023-01-24 15:00:00, ArtistInAction, Facebook , #Art #PaintingInProgress             ,12.0,25.0,Canada,2023,1,24,15
33,34, Coding a new project with enthusiasm.              ,0.13636363636363635,2023-01-25 13:15:00, CodeEnthusiast, Facebook , #Coding #Enthusiasm                   ,30.0,60.0,USA,2023,1,25,13
34,35, Feeling inspired after attending a workshop.       ,0.0,2023-01-26 09:45:00, WorkshopAttendee, Instagram , #Inspiration #Workshop                  ,25.0,50.0,USA,2023,1,26,9
35,36, Winter sports day at the local park.               ,0.0,2023-01-26 14:20:00, WinterSports  , Twitter  , #WinterSports #Fun                     ,15.0,30.0,Canada,2023,1,26,14
37,38, Attending a live music concert tonight.            ,0.13636363636363635,2023-01-27 20:00:00, MusicLover   , Instagram , #Music #ConcertNight                  ,18.0,35.0,USA,2023,1,27,20
39,40, Trying out a new dessert recipe.                   ,0.13636363636363635,2023-01-27 16:10:00, DessertExplorer, Facebook , #Dessert #Cooking                      ,12.0,25.0,Canada,2023,1,27,16
40,41, Excited about the upcoming gaming tournament.      ,0.375,2023-01-28 09:00:00, GamingEnthusiast, Instagram , #Gaming #Tournament                     ,30.0,60.0,USA,2023,1,28,9
41,42, Planning a garden makeover for spring.             ,0.0,2023-01-28 14:45:00, GardenPlanner , Twitter  , #Gardening #Spring                     ,25.0,50.0,USA,2023,1,28,14
44,45, A cozy evening with a good movie.                 ,0.25,2023-01-29 20:20:00, MovieNight   , Twitter  , #CozyNight #MovieTime                   ,18.0,35.0,Canada,2023,1,29,20
45,46, Exploring local art galleries this weekend.        ,0.0,2023-01-30 11:30:00, ArtExplorer  , Facebook , #Art #GalleryExplore                    ,15.0,30.0,USA,2023,1,30,11
49,50, Cooking a special dinner for loved ones.           ,0.5285714285714286,2023-01-31 19:00:00, ChefAtHome   , Instagram , #Cooking #SpecialDinner                ,20.0,40.0,USA,2023,1,31,19
50,51, Feeling optimistic about the week ahead.           ,0.0,2023-01-31 16:20:00, OptimisticMindset, Twitter  , #Optimism #NewWeek                     ,15.0,30.0,Canada,2023,1,31,16
52,53, Sunday bike ride through scenic trails.           ,0.0,2023-02-01 13:30:00, BikeExplorer  , Instagram , #BikeRide #ScenicTrails                ,18.0,35.0,USA,2023,2,1,13
53,55, Can't believe the injustice happening in our society.,0.0,2023-02-11 09:30:00, SocialJustice   , Twitter  , #Injustice #Angry                            ,20.0,40.0,Canada,2023,2,11,9
54,56, Feeling a sense of fear after watching a thriller movie. ,0.0,2023-02-11 21:15:00, ThrillerFan     , Instagram , #Fear #ThrillerMovie                         ,15.0,30.0,USA,2023,2,11,21
57,59, Pure happiness: celebrating a loved one's achievement! ,0.5964285714285714,2023-02-13 10:00:00, ProudFriend     , Instagram , #Happiness #Celebration                   ,30.0,60.0,USA,2023,2,13,10
58,60, Laughter is the best medicine‚Äîenjoying a comedy show. ,1.0,2023-02-13 19:30:00, ComedyFan       , Facebook , #Joy #ComedyShow                             ,22.0,45.0,Canada,2023,2,13,19
61,63, Enjoying a quiet evening with a book and some tea.      ,0.25,2023-02-14 19:45:00, BookLoverAgain  , Facebook , #Enjoyment #BookTime                         ,25.0,50.0,Canada,2023,2,14,19
62,64, Admiring the beauty of nature during a peaceful hike.   ,0.25,2023-02-15 11:30:00, NatureAdmirer   , Twitter  , #Admiration #Nature                         ,20.0,40.0,USA,2023,2,15,11
63,65, Sending affectionate vibes to all my followers!          ,0.0,2023-02-15 16:00:00, AffectionSender , Instagram , #Affection #PositiveVibes                   ,15.0,30.0,USA,2023,2,15,16
66,68, A surprise gift from a friend made my day!              ,0.0,2023-02-16 14:45:00, HappySurprise   , Instagram , #Surprise #Gift                              ,25.0,50.0,USA,2023,2,16,14
67,69, Finding acceptance in the midst of life's challenges.   ,0.0,2023-02-16 18:20:00, AcceptanceSeeker, Facebook , #Acceptance #Challenges                     ,15.0,30.0,Canada,2023,2,16,18
69,71, Anticipating a thrilling adventure in the coming weeks. ,0.25,2023-02-17 07:30:00, AdventureAwaits  , Instagram , #Anticipation #Adventure                    ,20.0,40.0,USA,2023,2,17,7
70,72, A bitter experience turned into a valuable lesson.      ,-0.1,2023-02-17 15:00:00, LearnFromBitter , Facebook , #BitterLesson #Growth                      ,18.0,35.0,USA,2023,2,17,15
73,75, Excitement building up for the upcoming vacation!       ,0.0,2023-02-18 18:45:00, VacationDreamer , Facebook , #Excitement #TravelPlans                   ,22.0,45.0,Canada,2023,2,18,18
74,76, Kindness witnessed today restored my faith in humanity. ,0.0,2023-02-19 11:30:00, KindnessPrevails, Twitter  , #Kindness #Humanity                        ,20.0,40.0,USA,2023,2,19,11
77,79, Fuming with anger after a heated argument.            ,-0.7,2023-02-20 09:30:00, AngryDebater    , Twitter  , #Anger #Argument                             ,20.0,40.0,Canada,2023,2,20,9
78,80, The fear of the unknown is keeping me up at night.    ,-0.1,2023-02-20 21:15:00, FearfulDreamer  , Instagram , #Fear #Unknown                               ,15.0,30.0,USA,2023,2,20,21
82,84, Laughter is the key to joy‚Äîattending a stand-up comedy show. ,0.0,2023-02-22 19:30:00, StandUpFan      , Facebook , #Joy #StandUpComedy                         ,22.0,45.0,Canada,2023,2,22,19
85,87, Enjoying every moment of this trip‚Äîpure enjoyment!      ,0.625,2023-02-23 19:45:00, TravelExplorer  , Facebook , #Enjoyment #Travel                           ,25.0,50.0,USA,2023,2,23,19
86,88, Admiring the dedication of volunteers at a local charity. ,0.0,2023-02-24 11:30:00, CharityAdmirer  , Twitter  , #Admiration #Volunteers                     ,20.0,40.0,USA,2023,2,24,11
87,89, Sending affectionate vibes to friends and family.        ,0.0,2023-02-24 16:00:00, FamilyLover     , Instagram , #Affection #FamilyLove                      ,15.0,30.0,USA,2023,2,24,16
90,92, A surprise visit from an old friend brought tears of joy. ,0.45,2023-02-25 14:45:00, JoyfulReunion   , Instagram , #Surprise #OldFriends                       ,25.0,50.0,USA,2023,2,25,14
91,93, Embracing acceptance of life's ups and downs.           ,0.0,2023-02-25 18:20:00, LifeAcceptance  , Facebook , #Acceptance #LifeJourney                   ,15.0,30.0,Canada,2023,2,25,18
94,96, Bitter experience at the customer service department.   ,-0.1,2023-02-26 15:00:00, CustomerWoes    , Facebook , #BitterExperience #CustomerService         ,18.0,35.0,USA,2023,2,26,15
97,99, Excitement building up for a surprise birthday party.   ,0.0,2023-02-27 18:45:00, BirthdayExcite  , Facebook , #Excitement #SurpriseParty                 ,22.0,45.0,Canada,2023,2,27,18
98,100, Witnessed an act of kindness that made my day.          ,0.0,2023-02-28 11:30:00, KindnessObserver, Twitter  , #Kindness #ActsOfKindness                  ,20.0,40.0,USA,2023,2,28,11
102,104, Excitement for a quiet evening with a good book.        ,0.35,2023-03-01 13:30:00, BookwormJoy     , Instagram , #Excitement #BookTime                       ,18.0,35.0,USA,2023,3,1,13
103,105, Feeling bitter about the unfairness in the workplace.   ,-0.1,2023-03-01 17:45:00, WorkplaceWoes   , Twitter  , #Bitter #Unfairness                         ,15.0,30.0,Canada,2023,3,1,17
105,107, Confusion surrounds me as I navigate through life's choices. ,0.0,2023-03-02 13:15:00, ConfusedMind3   , Instagram , #Confusion #LifeChoices                     ,30.0,60.0,USA,2023,3,2,13
107,109, Kindness witnessed today restores my faith in humanity.  ,0.0,2023-03-03 11:30:00, KindnessPrevails2, Facebook , #Kindness #HumanityRestored                 ,22.0,45.0,USA,2023,3,3,11
108,110, Pride in accomplishing personal and professional goals.  ,0.05,2023-03-03 14:30:00, GoalAchiever    , Instagram , #Pride #Accomplishments                     ,12.0,25.0,Canada,2023,3,3,14
110,112," Revisiting old memories, feeling a sense of elation. ",0.1,2010-05-15 15:30:00, NostalgiaFan    , Twitter  , #Elation #Memories                             ,20.0,40.0,Canada,2010,5,15,15
111,113, The victory of our team brought euphoria to the city. ,0.0,2021-08-10 21:15:00, SportsFanatic   , Instagram , #Euphoria #Victory                             ,15.0,30.0,USA,2021,8,10,21
115,117," Hopeful for a brighter tomorrow, despite challenges.  ",0.0,2013-04-05 19:30:00, OptimisticSoul  , Facebook , #Hope #Optimism                                ,22.0,45.0,USA,2013,4,5,19
117,119, Compassion in action: supporting a local charity event. ,0.11666666666666665,2015-07-18 14:20:00, CharitySupporter, Instagram , #Compassion #CharityEvent                   ,18.0,35.0,Canada,2015,7,18,14
120,122, Enthusiastically diving into a new project.            ,0.13636363636363635,2018-06-15 16:00:00, ProjectEnthusiast, Instagram , #Enthusiasm #NewProject                       ,15.0,30.0,USA,2018,6,15,16
123,125, Elation after a surprise reunion with old friends.    ,0.1,2020-04-02 09:30:00, JoyfulReunion2  , Instagram , #Elation #OldFriends                          ,25.0,50.0,Canada,2020,4,2,9
124,126, The euphoria of a live music concert under the stars.  ,0.13636363636363635,2021-06-19 14:45:00, MusicEnthusiast , Facebook , #Euphoria #LiveMusic                          ,15.0,30.0,USA,2021,6,19,14
128,130, Hopeful about the possibilities of a new journey.      ,0.13636363636363635,2013-12-05 16:00:00, JourneyOptimist , Twitter  , #Hope #NewBeginnings                          ,18.0,35.0,Canada,2013,12,5,16
129,131, Empowerment through learning and personal growth.      ,0.0,2014-07-20 11:30:00, GrowthSeeker    , Instagram , #Empowerment #PersonalGrowth                  ,25.0,50.0,USA,2014,7,20,11
130,132, Compassion towards those in need during the holidays.  ,0.0,2015-12-22 14:20:00, HolidayHelper   , Facebook , #Compassion #HolidaySupport                   ,18.0,35.0,USA,2015,12,22,14
133,135, Enthusiasm for a creative project in the making.       ,0.5,2018-09-15 16:00:00, CreativeSpirit  , Facebook , #Enthusiasm #Creativity                       ,15.0,30.0,Canada,2018,9,15,16
136,138, Elation after achieving a personal goal.               ,0.0,2021-03-02 09:30:00, GoalAchiever2   , Facebook , #Elation #PersonalAchievement                ,25.0,50.0,USA,2021,3,2,9
137,139, Elation over discovering a hidden gem in the city.   ,-0.16666666666666666,2012-02-18 14:30:00, UrbanExplorer2  , Twitter  , #Elation #HiddenGem                            ,20.0,40.0,USA,2012,2,18,14
140,142, Serenity found in the melody of a peaceful piano.    ,0.25,2016-07-30 18:10:00, MusicLover4     , Twitter  , #Serenity #PeacefulMelody                    ,18.0,35.0,Canada,2016,7,30,18
141,143, Gratitude for the supportive community around me.    ,0.5,2013-04-20 10:30:00, CommunityLove   , Instagram , #Gratitude #CommunitySupport                   ,30.0,60.0,USA,2013,4,20,10
142,144, Hopeful about the prospects of a new business venture.,0.13636363636363635,2017-12-08 19:15:00, EntrepreneurHope, Facebook , #Hope #BusinessVenture                        ,22.0,45.0,Canada,2017,12,8,19
147,149, Enthusiasm for a new artistic project in the works.  ,0.23484848484848483,2020-09-17 16:30:00, ArtisticSpirit  , Instagram , #Enthusiasm #ArtisticProject                 ,15.0,30.0,USA,2020,9,17,16
148,150, Feeling a sense of fulfillment after helping others. ,0.0,2011-08-28 18:45:00, HelperHeart     , Facebook , #Fulfillment #HelpingOthers                  ,22.0,45.0,Canada,2011,8,28,18
151,153, The euphoria of a successful product launch.         ,0.75,2022-04-03 11:45:00, ProductLaunchJoy, Facebook , #Euphoria #ProductLaunchSuccess              ,15.0,30.0,USA,2022,4,3,11
153,155, Serenity found in the beauty of a sunset by the sea.  ,0.0,2011-07-22 18:30:00, SunsetWatcher2  , Instagram , #Serenity #SunsetViews                       ,22.0,45.0,Canada,2011,7,22,18
157,159, Compassion in volunteering for a local charity.       ,0.0,2015-12-18 14:20:00, CharityVolunteer, Facebook , #Compassion #VolunteerWork                   ,18.0,35.0,USA,2015,12,18,14
158,160, Tenderness in a quiet moment shared with a pet.      ,0.0,2016-02-10 19:45:00, PetLove         , Twitter  , #Tenderness #PetLove                          ,25.0,50.0,Canada,2016,2,10,19
162,164, Reverence for the wonders of nature on a hiking trail.,0.0,2020-05-11 15:00:00, NatureAdmirer   , Instagram , #Reverence #NatureExploration                ,18.0,35.0,USA,2020,5,11,15
163,165, Elation after a surprise reunion with a childhood friend.,0.0,2021-02-05 09:30:00, ChildhoodJoy    , Facebook , #Elation #FriendshipReunion                  ,25.0,50.0,Canada,2021,2,5,9
164,166, Suffering from despair after another setback.      ,0.0,2021-03-10 08:30:00, StrugglingSoul    , Twitter  , #Despair #Struggle                              ,5.0,10.0,USA,2021,3,10,8
165,167," Overwhelmed by grief, missing a loved one dearly.  ",-0.10000000000000002,2022-07-05 15:45:00, MourningHeart     , Instagram , #Grief #Loss                                   ,8.0,15.0,Canada,2022,7,5,15
169,171, Frustration mounts as obstacles block my path.     ,-0.05,2017-01-30 16:10:00, BlockedGoals      , Facebook , #Frustration #Obstacles                       ,10.0,20.0,USA,2017,1,30,16
170,172," Boredom sets in, the day feels endlessly dull.     ",-0.2916666666666667,2016-09-28 19:45:00, BoredMind         , Twitter  , #Boredom #LackOfInterest                     ,8.0,15.0,Canada,2016,9,28,19
174,176, Envy eats away at me as I see others' prosperity.  ,0.0,2018-11-07 11:30:00, CovetousMind     , Instagram , #Envy #Desire                                ,10.0,20.0,Canada,2018,11,7,11
177,179," Drowning in despair, hope slipping through my fingers.",-0.1,2016-04-02 20:20:00, HopelessHeart    , Instagram , #Despair #Hopeless                           ,10.0,20.0,USA,2016,4,2,20
178,180," Grief weighs heavy, tears a constant companion.    ",-0.3333333333333333,2015-10-18 15:30:00, TearfulSoul      , Facebook , #Grief #Tears                                ,12.0,25.0,Canada,2015,10,18,15
182,184," Frustration boils over, a volcanic eruption of emotions.",0.0,2017-04-10 14:45:00, ExplosiveMind    , Twitter  , #Frustration #EmotionalOutburst             ,12.0,25.0,USA,2017,4,10,14
183,185," Boredom settles like dust, life feels mundane.     ",-0.16666666666666666,2016-11-28 19:00:00, MundaneHeart     , Instagram , #Boredom #Monotony                          ,7.0,15.0,Canada,2016,11,28,19
187,189," Envy poisons my thoughts, coveting others' success.",0.3,2017-03-20 11:30:00, GreenEyedMonster , Facebook , #Envy #Success                              ,10.0,20.0,Canada,2017,3,20,11
188,190, Regret for decisions that led to a painful present.,-0.35,2018-12-15 16:00:00, RegretfulMind    , Twitter  , #Regret #PastChoices                        ,12.0,25.0,USA,2018,12,15,16
191,193," Grief overwhelms, a storm of emotions within.      ",-0.8,2021-02-25 15:30:00, StormyHeart      , Twitter  , #Grief #EmotionalStorm                      ,12.0,25.0,Canada,2021,2,25,15
193,195," Jealousy poisons my thoughts, resentment brewing within.",0.0,2018-08-05 16:30:00, PoisonedMind    , Facebook , #Jealousy #Resentment                       ,8.0,15.0,USA,2018,8,5,16
196,198," Boredom lingers, a stagnant pool of indifference.  ",0.0,2021-10-02 19:00:00, StagnantHeart    , Facebook , #Boredom #Stagnation                        ,7.0,15.0,Canada,2021,10,2,19
197,199," Embarking on a journey of discovery, fueled by curiosity and a thirst for knowledge. ",0.0,2023-04-15 10:15:00, InquisitiveMind   , Twitter  , #Curiosity #Learning                        ,15.0,30.0,USA,2023,4,15,10
198,200," Lost in the vast sea of information, an indifferent wave in the digital ocean. ",0.0,2022-11-28 17:30:00, ApatheticObserver , Instagram , #Indifference #DigitalOverload              ,7.0,15.0,Canada,2022,11,28,17
202,204," Revisiting old photographs, caught in the embrace of nostalgia's bittersweet symphony. ",0.1,2018-02-05 15:15:00, MemoryLaneTraveler , Facebook , #Nostalgia #MemoryLane                     ,10.0,20.0,USA,2018,2,5,15
203,205," Torn between conflicting emotions, an ambivalence that paints my decisions in shades of uncertainty. ",0.0,2022-05-30 11:30:00, MixedFeelings     , Twitter  , #Ambivalence #UncertainChoices             ,12.0,25.0,Canada,2022,5,30,11
207,209," Curiosity leading me down the rabbit hole of knowledge, a perpetual student in life's classroom. ",-0.15555555555555559,2022-10-08 08:15:00, EternalLearner    , Instagram , #Curiosity #KnowledgeQuest                ,20.0,40.0,USA,2022,10,8,8
208,210," Floating through the day with an air of indifference, detached from the mundane happenings around. ",-0.16666666666666666,2023-03-22 16:30:00, AloofObserver     , Facebook , #Indifference #FloatingThroughLife        ,10.0,20.0,Canada,2023,3,22,16
212,214," Stumbling upon an old journal, nostalgia flooding in waves, carrying me to moments long gone. ",0.025,2018-07-10 15:45:00, JournalKeeper     , Twitter  , #Nostalgia #JournalMoments               ,10.0,20.0,Canada,2018,7,10,15
215,217," Determination burning like a wildfire, overcoming obstacles, turning dreams into reality. ",-0.05,2019-11-03 13:45:00, DreamChaser       , Twitter  , #Determination #DreamsIntoReality        ,18.0,35.0,USA,2019,11,3,13
216,218," Tranquil moments by the ocean, serenity washing over, a peaceful retreat within the waves' embrace. ",0.25,2020-04-12 19:30:00, OceanSoul         , Instagram , #Serenity #OceanRetreat                   ,25.0,50.0,Canada,2020,4,12,19
220,222," Immersed in a state of emotional numbness, a shield against the storm of daily struggles. ",0.0,2021-12-01 15:30:00, ShieldedHeart     , Facebook , #Numbness #EmotionalShield               ,10.0,20.0,USA,2021,12,1,15
221,223," A melancholic symphony playing in the background, the soundtrack of a wistful heart. ",0.0,2019-03-25 21:00:00, SymphonySoul      , Twitter  , #Melancholy #WistfulHeart                ,13.0,26.0,Canada,2019,3,25,21
224,226," Embracing life's imperfections, finding acceptance in the journey, scars and all. ",0.0,2023-05-15 16:20:00, ImperfectHarmony  , Twitter  , #Acceptance #ImperfectJourney            ,18.0,36.0,Canada,2023,5,15,16
226,228," Basking in the serenity of a quiet forest, where the whispers of nature bring peace to the soul. ",0.0,2020-02-28 18:30:00, ForestDreamer     , Facebook , #Serenity #NatureWhispers                ,25.0,50.0,USA,2020,2,28,18
230,234," Melancholy painting the world in hues of nostalgia, a canvas of bittersweet memories. ",0.0,2020-01-05 20:00:00, CanvasDreamer     , Instagram , #Melancholy #BittersweetMemories         ,13.0,26.0,USA,2020,1,5,20
231,235," A journey into the past, flipping through the pages of an old diary, nostalgia taking the lead. ",-0.075,2018-08-10 15:45:00, DiaryExplorer     , Facebook , #Nostalgia #DiaryJourney                 ,12.0,25.0,Canada,2018,8,10,15
234,238," Determination as the driving force, propelling me forward on the path to extraordinary achievements. ",0.3333333333333333,2019-12-03 13:45:00, PathfinderSpirit  , Facebook , #Determination #ExtraordinaryPath        ,20.0,40.0,USA,2019,12,3,13
235,239," Seeking serenity in the melody of raindrops, a tranquil escape from the noise of everyday life. ",-0.2,2020-04-12 19:30:00, RaindropHarmony   , Twitter  , #Serenity #RaindropMelody                ,25.0,50.0,Canada,2020,4,12,19
239,243," Wrapped in the cloak of emotional numbness, a shield against the storms of life's turbulence. ",0.0,2021-11-30 15:30:00, TurbulentShield   , Instagram , #Numbness #EmotionalStorms               ,10.0,20.0,Canada,2021,11,30,15
241,245," Leafing through the pages of an old photo album, nostalgia weaving tales of laughter and tears. ",0.1,2017-05-18 14:45:00, TaleWeaver        , Twitter  , #Nostalgia #PhotoAlbumStories            ,12.0,25.0,USA,2017,5,18,14
242,246," Ambivalence in the air, caught between the crossroads of conflicting emotions and decisions. ",0.0,2022-08-05 11:30:00, CrossroadsExplorer, Instagram , #Ambivalence #CrossroadsConfusion        ,15.0,30.0,Canada,2022,8,5,11
245,249," Immerse in the serenity of a moonlit night, where the quiet whispers of nature bring peace to the soul. ",0.0,2020-05-12 19:30:00, MoonlitSoul       , Instagram , #Serenity #MoonlitPeace                  ,25.0,50.0,USA,2020,5,12,19
247,251,"Wrapped in the cloak of emotional numbness, a shield against the storms of life's turbulence. ",0.0,2021-11-30 15:30:00, TurbulentShield , Instagram , #Numbness #EmotionalStorms ,10.0,20.0,Canada,2021,11,30,15
248,252," Dancing through life with the exuberance of a carefree spirit, embracing joy and zest at every turn. ",0.8,2018-07-12 17:45:00, JoyfulDancer , Twitter , #Zest #CarefreeSpirit ,15.0,30.0,USA,2018,7,12,17
251,255," Standing tall, proud as an oak, the branches of achievement reaching towards the sky of accomplishment. ",0.8,2019-12-10 12:20:00, OakAchiever , Twitter , #Proud #BranchesOfAchievement ,25.0,50.0,Canada,2019,12,10,12
252,256," A heart overflowing with gratitude, a garden where appreciation blooms in the soil of kindness and connection. ",0.0,2023-02-28 09:45:00, HeartGardener , Facebook , #Grateful #BlossomingConnection ,20.0,40.0,USA,2023,2,28,9
255,259," Playfully dancing in the rain of laughter, a whimsical spirit twirling in the puddles of joy and lightheartedness. ",0.15000000000000002,2020-07-08 18:00:00, RainDancer , Facebook , #Playful #DanceInTheRain ,22.0,44.0,Canada,2020,7,8,18
258,262," Navigating the sea of hope, sailing towards the sunrise of possibilities, confident in the ship of positive anticipation. ",0.36363636363636365,2023-10-05 07:30:00, SunriseNavigator , Facebook , #Hopeful #SunriseOfPossibilities ,12.0,24.0,USA,2023,10,5,7
260,264," Lost in the symphony of the night, a moonlit serenade that whispers tales of wanderlust and moonlit dreams. ",0.0,2021-05-08 22:00:00, NightSerenader , Twitter , #Serenity #MoonlitSerenade ,13.0,26.0,Canada,2021,5,8,22
261,265," Unveiling the layers of curiosity, a labyrinth of questions leading to the treasure troves of undiscovered knowledge. ",0.0,2020-11-29 14:45:00, KnowledgeSeeker , Instagram , #Curiosity #LabyrinthOfQuestions ,17.0,34.0,USA,2020,11,29,14
265,269," A compassionate rain, tears of empathy falling gently, nurturing the seeds of kindness in the garden of human connections. ",0.1,2021-07-01 12:10:00, RainNurturer , Facebook , #Compassionate #TearsOfEmpathy ,21.0,42.0,Canada,2021,7,1,12
266,270," Proudly scaling the peaks of achievement, a mountaineer conquering challenges and planting the flag of success. ",0.55,2020-01-05 08:45:00, PeakConqueror , Twitter , #Proud #ScalingPeaks ,23.0,46.0,USA,2020,1,5,8
270,274," Navigating the river of contentment, a serene boat cruise through the tranquil waters of inner peace and acceptance. ",0.0,2019-04-27 09:50:00, RiverNavigator , Instagram , #Contentment #TranquilWaters ,20.0,40.0,Canada,2019,4,27,9
271,275," With empathy as a lantern, wandering through the dark alleys of sorrow, illuminating the path with compassion and care. ",-0.15,2023-09-03 21:40:00, LanternWanderer , Facebook , #Empathetic #LanternOfCompassion ,16.0,32.0,USA,2023,9,3,21
274,278," Confident strides in the dance of life, a ballroom where self-assuredness leads, twirling through challenges with grace. ",0.5,2021-01-15 13:00:00, DanceStrider , Facebook , #Confident #DanceOfLife ,23.0,46.0,Canada,2021,1,15,13
276,280," Playfully juggling responsibilities, a circus performer balancing the acts of work and joy, tossing laughter into the air. ",0.8,2019-11-18 15:15:00, JugglingArtist , Instagram , #Playful #JugglingResponsibilities ,25.0,50.0,USA,2019,11,18,15
279,283," A compassionate rain, tears of empathy falling gently, nurturing the seeds of kindness in the garden of human connections. ",0.1,2021-07-01 12:10:00, RainNurturer , Instagram , #Compassionate #TearsOfEmpathy ,21.0,42.0,Canada,2021,7,1,12
280,284," Proudly scaling the peaks of achievement, a mountaineer conquering challenges and planting the flag of success. ",0.55,2020-01-05 08:45:00, PeakConqueror , Twitter , #Proud #ScalingPeaks ,23.0,46.0,USA,2020,1,5,8
284,288," Navigating the river of contentment, a serene boat cruise through the tranquil waters of inner peace and acceptance. ",0.0,2019-04-27 09:50:00, RiverNavigator , Instagram , #Contentment #TranquilWaters ,20.0,40.0,Canada,2019,4,27,9
285,289," With empathy as a lantern, wandering through the dark alleys of sorrow, illuminating the path with compassion and care. ",-0.15,2023-09-03 21:40:00, LanternWanderer , Facebook , #Empathetic #LanternOfCompassion ,16.0,32.0,USA,2023,9,3,21
288,292," Confident strides in the dance of life, a ballroom where self-assuredness leads, twirling through challenges with grace. ",0.5,2021-01-15 13:00:00, DanceStrider , Facebook , #Confident #DanceOfLife ,23.0,46.0,Canada,2021,1,15,13
290,294," Playfully juggling responsibilities, a circus performer balancing the acts of work and joy, tossing laughter into the air. ",0.8,2019-11-18 15:15:00, JugglingArtist , Instagram , #Playful #JugglingResponsibilities ,25.0,50.0,USA,2019,11,18,15
293,297," A compassionate rain, tears of empathy falling gently, nurturing the seeds of kindness in the garden of human connections. ",0.1,2021-07-01 12:10:00, RainNurturer , Instagram , #Compassionate #TearsOfEmpathy ,21.0,42.0,Canada,2021,7,1,12
294,298," Proudly scaling the peaks of achievement, a mountaineer conquering challenges and planting the flag of success. ",0.55,2020-01-05 08:45:00, PeakConqueror , Twitter , #Proud #ScalingPeaks ,23.0,46.0,USA,2020,1,5,8
297,301," Drowning in the abyss of despair, a heart shattered into fragments, lost in the echoing silence of hopelessness. ",0.0,2021-09-15 16:00:00, ShatteredHeart , Instagram , #Despair #EchoingSilence ,8.0,16.0,Canada,2021,9,15,16
299,303," Wandering through the desert of loneliness, each step a heavy sigh, mirages of connection shimmering but never materializing. ",-0.2,2017-07-20 11:45:00, DesertWanderer , Twitter , #Loneliness #MiragesOfConnection ,15.0,30.0,USA,2017,7,20,11
303,307," Overwhelmed by the weight of the world, Atlas with trembling shoulders, each responsibility a boulder in the landscape of exhaustion. ",0.0,2021-06-25 17:50:00, AtlasBearer , Instagram , #Overwhelmed #BouldersOfExhaustion ,22.0,44.0,Canada,2021,6,25,17
304,308," Jealousy, a green-eyed monster, lurking in the shadows, casting a dark cloud over the sunshine of others' success. ",0.075,2019-08-30 10:10:00, GreenMonster , Facebook , #Jealous #GreenEyedMonster ,16.0,32.0,USA,2019,8,30,10
307,311," Envious eyes fixated on the gilded prize, a heartache fueled by the painful desire for possessions that seem forever out of reach. ",-0.7,2021-02-28 22:45:00, GildedHeartache , Facebook , #Envious #GildedPrize ,20.0,40.0,USA,2021,2,28,22
309,313," Shattered dreams lie on the floor like fragments of glass, a mosaic of disappointment crafted by the hands of frustration. ",-0.6,2022-01-07 11:10:00, DreamMosaic , Instagram , #Frustrated #MosaicOfDisappointment ,15.0,30.0,Canada,2022,1,7,11
313,317," Overwhelmed by the cacophony of expectations, a drowning soul in the tempest of pressure, struggling to stay afloat. ",0.0,2021-11-29 08:45:00, TempestSurvivor , Facebook , #Overwhelmed #DrowningSoul ,20.0,40.0,USA,2021,11,29,8
315,319," Devastated by the revelation of betrayal, the trust shattered like fragile glass, leaving shards of pain in its wake. ",0.0,2022-05-20 14:50:00, FragileTrust , Instagram , #Devastated #ShatteredTrust ,25.0,50.0,Canada,2022,5,20,14
317,321," Envious gazes cast upon the podium of success, a bitter pill swallowed, the taste lingering as a constant reminder of unattained heights. ",0.06666666666666667,2021-02-10 19:30:00, SuccessPill , Twitter , #Envious #BitterPill ,20.0,40.0,USA,2021,2,10,19
319,323," Despair like a heavy fog, enveloping every thought, blurring the path ahead, a journey in the labyrinth of utter hopelessness. ",-0.1,2022-02-28 21:00:00, FoggyLabyrinth , Facebook , #Despair #LabyrinthOfHopelessness ,8.0,16.0,Canada,2022,2,28,21
321,325," Loneliness, a solitary moon in a starless sky, casting a cold glow on the landscape of isolation, where echoes bounce in empty spaces. ",-0.35,2017-12-01 18:50:00, SolitaryMoon , Instagram , #Loneliness #StarlessSky ,18.0,36.0,USA,2017,12,1,18
324,328," Apprehensive whispers in the wind, a forecast of uncertainty, the mind's weather vane spinning wildly in the storm of doubt. ",0.1,2021-06-10 10:00:00, WindWhisperer , Instagram , #Apprehensive #StormOfDoubt ,14.0,28.0,Canada,2021,6,10,10
325,329," Overwhelmed by the maze of expectations, a minotaur of pressure lurking in the labyrinth, waiting to devour the spirit of resilience. ",0.0,2020-02-22 15:20:00, MazeExplorer , Facebook , #Overwhelmed #MinotaurOfPressure ,22.0,44.0,USA,2020,2,22,15
329,333," Envious eyes locked on the treasure chest of opportunities, a heartache fueled by the desire for keys that seem forever elusive. ",0.0,2021-01-15 22:10:00, ElusiveKeys , Twitter , #Envious #DesireForKeys ,20.0,40.0,USA,2021,1,15,22
331,335," Shattered dreams lie on the floor like fragments of glass, a mosaic of disappointment crafted by the hands of frustration. ",-0.6,2022-01-07 11:10:00, DreamMosaic , Twitter , #Frustrated #MosaicOfDisappointment ,15.0,30.0,Canada,2022,1,7,11
333,337,Awe-struck by the breathtaking sunrise over the mountains.      ,1.0,2022-04-03 06:15:00, NatureAdmirer  , Instagram , #Awe #BreathtakingSunrise                   ,28.0,55.0,USA,2022,4,3,6
334,338,Navigating through the challenges with determination.          ,0.0,2023-10-12 10:30:00, GoalPursuer    , Twitter  , #Determination #Challenges                  ,15.0,30.0,Canada,2023,10,12,10
338,342,Overwhelmed by the support received during a personal challenge.,0.0,2021-05-20 17:30:00, PersonalJourney , Facebook , #Overwhelmed #SupportiveCommunity          ,25.0,50.0,USA,2021,5,20,17
343,347,Admiration for the intricate details of a handcrafted masterpiece. ,0.0,2019-08-20 16:00:00, CraftEnthusiast , Instagram , #Admiration #HandcraftedArt               ,25.0,50.0,USA,2019,8,20,16
344,348,Overjoyed by the warmth of a cozy fireplace on a winter evening.   ,-0.19999999999999998,2021-12-08 19:30:00, WinterLover     , Twitter  , #Overjoyed #WinterWarmth                  ,18.0,35.0,Canada,2021,12,8,19
348,352,Feeling empowered after conquering a challenging hiking trail.     ,0.5,2018-09-05 14:20:00, HikingExplorer  , Instagram , #Empowerment #HikingAdventure             ,35.0,70.0,USA,2018,9,5,14
349,353,Amused by the antics of playful kittens during playtime.           ,0.0,2022-10-22 12:45:00, KittyObserver   , Facebook , #Amusement #PlayfulKittens               ,15.0,30.0,Canada,2022,10,22,12
353,357,Satisfaction derived from successfully completing a DIY project.  ,0.75,2015-12-01 11:30:00, DIYEnthusiast   , Twitter  , #Satisfaction #DIYProject                 ,25.0,50.0,USA,2015,12,1,11
355,359,Captivated by the serenity of a tranquil garden in full bloom.     ,0.35,2018-05-12 14:20:00, GardenEnthusiast , Facebook , #Serenity #TranquilGarden                ,22.0,45.0,Canada,2018,5,12,14
357,361,Reflecting on personal growth achieved through life experiences.  ,0.0,2019-03-08 18:30:00, GrowthSeeker    , Instagram , #Reflection #PersonalGrowth              ,35.0,70.0,USA,2019,3,8,18
360,364,Confidence soars after overcoming public speaking anxiety.       ,0.0,2020-04-02 17:30:00, PublicSpeaker   , Instagram , #Confidence #OvercomingAnxiety          ,15.0,30.0,USA,2020,4,2,17
361,365,Contentment in the midst of a family gathering filled with laughter. ,0.4,2023-01-15 19:00:00, FamilyCelebration , Facebook , #Contentment #FamilyLaughter             ,25.0,50.0,Canada,2023,1,15,19
365,369,Wonderment at the beauty of a double rainbow after the rain.     ,0.0,2017-06-12 18:20:00, RainbowChaser   , Twitter  , #Wonderment #DoubleRainbow               ,35.0,70.0,USA,2017,6,12,18
366,370,Optimism for a bright future amidst challenging times.           ,0.4000000000000001,2021-07-05 09:30:00, FutureOptimist  , Instagram , #Optimism #BrightFuture                  ,20.0,40.0,Canada,2021,7,5,9
369,373,Elation over discovering a rare book in a quaint bookstore.      ,0.3,2018-09-22 16:30:00, Bookworm        , Instagram , #Elation #RareBookDiscovery              ,40.0,80.0,USA,2018,9,22,16
374,378,Enveloped in serenity while practicing mindfulness by the lake.    ,0.0,2017-10-20 08:15:00, ZenSeeker       , Instagram , #Mindfulness #LakeTranquility            ,35.0,70.0,Canada,2017,10,20,8
377,381,Whimsical delight in a world of fairy tales and magical creatures.  ,0.0,2016-03-08 14:20:00, FairyTaleExplorer , Instagram , #Whimsy #MagicalWorld                    ,20.0,40.0,USA,2016,3,8,14
394,398,Exploring the universe within during a mindful meditation session. ,0.0,2017-10-20 08:15:00, MindfulExplorer , Instagram , #InnerJourney #MeditationBliss          ,35.0,70.0,Canada,2017,10,20,8
397,401,Whimsical delight in a world of whimsical fairy tales.             ,-0.5,2016-03-08 14:20:00, FairyTaleAdventurer , Instagram , #Whimsy #FairyTaleMagic                 ,20.0,40.0,USA,2016,3,8,14
412,416,Giddy with excitement as the first snowflakes dance from the sky. ,0.25,2020-12-02 17:30:00, SnowfallEnthusiast , Twitter  , #Excitement #SnowfallMagic             ,22.0,45.0,Canada,2020,12,2,17
414,418,Inspired by the resilience of a lone tree standing tall in a storm. ,0.0,2021-04-15 14:20:00, NatureResilient , Facebook , #Resilience #StandingTall              ,35.0,70.0,USA,2021,4,15,14
421,425,Drowning in sorrow as memories of lost love resurface.            ,0.5,2019-08-05 21:00:00, LostInLove      , Instagram , #Heartbreak #LostLove                    ,15.0,30.0,USA,2019,8,5,21
422,426,Numbness sets in as the weight of loneliness grows heavier.       ,0.0,2021-02-12 16:45:00, SolitudeSeeker , Twitter  , #Loneliness #HeavyHeart                  ,18.0,35.0,Canada,2021,2,12,16
436,440,"Emotional exhaustion, the weight of the world crushing weary shoulders. ",0.2,2021-09-05 13:30:00, WearySoulCrushed , Instagram , #Exhaustion #CrushedSpirit             ,35.0,70.0,Canada,2021,9,5,13
438,442,"Darkness descends, engulfing the soul in the shadows of despair.  ",0.0,2016-07-10 18:20:00, SoulInShadow    , Facebook , #Darkness #SoulEngulfed                 ,28.0,55.0,USA,2016,7,10,18
442,446,"Avoiding the thorns of regret, walking barefoot on the path of remorse. ",0.0,2022-04-18 11:30:00, RemorseWalker , Instagram , #Regret #PathOfRemorse ,25.0,50.0,Canada,2022,4,18,11
443,447,"In the labyrinth of grief, the walls echo with the footsteps of lost joy. ",0.0,2018-12-05 21:45:00, JoyLabyrinth , Facebook , #Grief #LostJoyFootsteps ,18.0,35.0,USA,2018,12,5,21
454,458,"Sinking like autumn leaves in the river of sorrow, carried away by the current. ",0.0,2020-09-15 18:15:00, RiverOfSorrow , Instagram , #Sorrow #AutumnLeaves ,22.0,45.0,Canada,2020,9,15,18
456,460,"Tears, the currency of grief, spent in the marketplace of lost love and longing. ",-0.13333333333333333,2016-12-22 21:45:00, CurrencyOfTears , Facebook , #Grief #LostLoveLonging ,25.0,50.0,USA,2016,12,22,21
464,468,"Betrayal, a venomous serpent slithering through the garden of trust, poisoning roots. ",0.0,2021-03-02 17:45:00, VenomousGarden , Instagram , #Betrayal #PoisonedTrust ,25.0,50.0,Canada,2021,3,2,17
465,469,"Sinking in the quicksand of despair, the harder you fight, the deeper you descend. ",-0.1,2016-10-18 19:30:00, QuicksandFighter , Twitter , #Despair #DeepDescent ,20.0,40.0,USA,2016,10,18,19
471,475,"Dancing on sunshine, each step a celebration of the joy found in simple moments. ",0.4,2021-08-20 15:45:00, SunshineDancer , Instagram , #Joy #SimpleMoments ,40.0,80.0,USA,2021,8,20,15
472,476,"Laughter echoes in the air, a chorus of happiness that lifts the spirit higher. ",0.475,2018-04-12 18:30:00, EchoedLaughter , Twitter , #Happiness #SpiritLifter ,35.0,70.0,Canada,2018,4,12,18
481,485,"In the embrace of love, each heartbeat is a melody, dancing to the rhythm of affection. ",0.5,2022-11-15 20:45:00, MelodyOfLove , Twitter , #Love #RhythmOfAffection ,35.0,70.0,USA,2022,11,15,20
482,486,"Surrounded by the colors of joy, a canvas painted with laughter and endless smiles. ",0.3375,2019-07-02 17:00:00, ColorfulLaughter , Instagram , #Joy #EndlessSmiles ,40.0,80.0,Canada,2019,7,2,17
492,496,"Lost in the enchantment of Disneyland, each ride a journey into the realm of childhood fantasies. ",0.0,2022-09-28 15:45:00, DisneylandExplorer , Instagram , #Enchantment #ChildhoodFantasies ,30.0,60.0,USA,2022,9,28,15
496,500,"In the embrace of the Grand Canyon, nature's masterpiece, a moment to marvel at Earth's grandeur. ",0.5,2020-06-15 16:45:00, CanyonMarveler , Instagram , #Awe #EarthsGrandeur ,25.0,50.0,USA,2020,6,15,16
501,505,"In the heart of New York City, Times Square dazzles with lights, a vibrant spectacle of urban energy. ",0.101010101010101,2022-07-20 21:45:00, TimesSquareExplorer , Instagram , #Excitement #UrbanEnergy ,35.0,70.0,USA,2022,7,20,21
511,515,"At the front row of Adele's concert, each note of 'Someone Like You' resonates with soul-stirring emotion. ",0.0,2022-09-15 20:00:00, AdeleConcertGoer , Instagram , #Emotion #AdeleConcert ,40.0,80.0,USA,2022,9,15,20
512,516,"Dancing under the stars at Beyonc√©'s live show, feeling the power of 'Single Ladies' in every move. ",0.032467532467532464,2019-07-28 21:30:00, BeyonceDancer , Twitter , #Energy #BeyonceConcert ,35.0,70.0,USA,2019,7,28,21
513,517,"In the crowd of a Taylor Swift concert, the lyrics of 'Love Story' create an enchanting fairy tale. ",0.5,2021-05-10 19:45:00, SwiftieDreamer , Facebook , #Enchantment #TaylorSwift ,30.0,60.0,USA,2021,5,10,19
516,520,"Immersed in the pulsating beats of a Bruno Mars concert, where 'Uptown Funk' becomes a city of joy. ",0.8,2017-03-28 20:30:00, MarsJoyExplorer , Facebook , #Joy #BrunoMars ,28.0,55.0,USA,2017,3,28,20
517,521,"At a Michael Jackson tribute show, moonwalking through the hits, a celebration of the King of Pop. ",0.0,2022-01-15 21:15:00, MJTributeDancer , Instagram , #Celebration #MJTribute ,25.0,50.0,USA,2022,1,15,21
518,522,"Swinging to the rhythms of a Frank Sinatra tribute, feeling the timeless charm of 'Fly Me to the Moon'. ",0.8,2019-06-10 18:45:00, SinatraCharmListener , Twitter , #Charm #SinatraTribute ,22.0,45.0,USA,2019,6,10,18
519,523,"In the mosh pit of a Metallica concert, the thunderous chords create a symphony of headbanging ecstasy. ",0.0,2023-03-20 22:30:00, MetallicaMoshWarrior , Facebook , #Ecstasy #MetallicaConcert ,35.0,70.0,USA,2023,3,20,22
521,525,"At a Justin Bieber concert, the infectious beats of 'Baby' create a dance floor of unbridled enthusiasm. ",0.0,2018-08-05 20:00:00, BieberDanceEnthusiast , Instagram , #Enthusiasm #JustinBieber ,40.0,80.0,Canada,2018,8,5,20
522,526,"In the spotlight at a Lady Gaga show, each costume change is a metamorphosis of creativity and artistry. ",0.0,2021-04-15 21:30:00, GagaArtisticChameleon , Twitter , #Creativity #LadyGaga ,35.0,70.0,USA,2021,4,15,21
524,528,"Drenched in confetti at a Katy Perry concert, a kaleidoscope of colors igniting the night sky. ",0.0,2020-06-22 22:00:00, KatyPerryColorExplosion , Instagram , #Colorful #KatyPerry ,22.0,45.0,USA,2020,6,22,22
525,529,"In the audience of a Jay-Z performance, the lyrics of 'Empire State of Mind' become an anthem of pride. ",0.0,2017-09-10 20:15:00, JayZEmpireListener , Twitter , #Pride #JayZAnthem ,18.0,35.0,USA,2017,9,10,20
528,532,"Rocking out at a Guns N' Roses show, the iconic riffs of 'Sweet Child o' Mine' echoing in the night. ",0.425,2018-12-10 22:30:00, GunsNRosesRiffRockstar , Twitter , #Iconic #GNRConcert ,22.0,45.0,USA,2018,12,10,22
529,533,"In the crowd of an Ariana Grande concert, the high notes of 'Into You' create a euphoric symphony. ",0.16,2023-01-22 20:00:00, ArianaEuphoriaChaser , Facebook , #Euphoria #ArianaGrande ,35.0,70.0,USA,2023,1,22,20
531,535,"Captivated by the spellbinding plot twists, the audience applauds, experiencing a rollercoaster of emotions at the movie premiere. ",0.0,2018-10-12 20:00:00, MovieEnthusiastPremiereAttendee , Twitter , #Excitement #MoviePremiereThrills ,40.0,80.0,USA,2018,10,12,20
533,537,"Streaming the latest web series, the viewer is engrossed in the characters' journey, feeling a sense of connection and empathy. ",0.5,2020-07-08 19:30:00, WebSeriesViewerCharacterConnection , Facebook , #Engagement #WebSeriesJourney ,30.0,60.0,Canada,2020,7,8,19
536,540,"At the Oscars, the actor graciously accepts an award, radiating joy and gratitude for the recognition of their outstanding performance. ",0.65,2016-02-28 20:30:00, AwardWinningActorOscarsRecipient , Facebook , #Gratitude #OscarWinningMoment ,18.0,35.0,USA,2016,2,28,20
542,546,"At the Olympics, the athlete's perseverance shines through, earning a gold medal and inspiring a generation with their remarkable achievement. ",0.625,2020-08-08 19:45:00, OlympicsEnthusiastGoldMedalWinner , Twitter , #Inspiration #OlympicAchievement ,35.0,70.0,USA,2020,8,8,19
546,550,"Cheering for the underdog in the basketball finals, the crowd erupts in applause as the team defies odds to claim the championship title. ",0.0,2022-06-20 21:00:00, BasketballFanUnderdogTriumph , Facebook , #Triumph #BasketballFinals ,18.0,35.0,USA,2022,6,20,21
550,554,"Witnessing a heartwarming comeback in the hockey finals, fans share tears of joy as the team secures a historic victory after adversity. ",0.4,2020-12-12 20:00:00, HockeyFanComebackVictory , Instagram , #Heartwarming #HockeyFinalsComeback ,22.0,45.0,Canada,2020,12,12,20
552,556,"In the tennis tournament, a highly anticipated player experiences a setback, leaving fans in shock and questioning the unforeseen turn of events. ",0.16,2018-07-10 21:15:00, TennisEnthusiastUnexpectedSetback , Instagram , #Frustration #TennisSetback ,35.0,70.0,USA,2018,7,10,21
556,560,"In the golf tournament, a missed crucial putt results in defeat, causing the golfer to reflect on the pressure of high-stakes competition. ",0.0,2016-08-20 18:30:00, GolfEnthusiastMissedPutt , Facebook , #Pressure #GolfDefeat ,18.0,35.0,USA,2016,8,20,18
557,561,"Experiencing a series of losses in the basketball season, the team grapples with frustration, determined to turn the tide with renewed effort. ",0.0,2019-02-12 19:45:00, BasketballFanTeamLosses , Twitter , #RenewedEffort #BasketballStruggles ,22.0,45.0,Canada,2019,2,12,19
561,565,"In the serene beauty of a sunset, nature unfolds a canvas of colors, evoking a sense of tranquility and wonder. ",0.0,2021-07-10 19:00:00, NatureEnthusiastSunsetWonder , Instagram , #Tranquility #SunsetBeauty ,40.0,80.0,Canada,2021,7,10,19
562,566,"Embarking on a spontaneous road trip, the traveler discovers hidden gems, creating memories that will be cherished for a lifetime. ",0.21666666666666667,2019-09-28 20:30:00, TravelEnthusiastRoadTripDiscovery , Twitter , #Adventure #RoadTripMemories ,35.0,70.0,USA,2019,9,28,20
571,575,"Underneath the city lights, the dancer expresses emotions through graceful movements, creating a mesmerizing performance under the night sky. ",0.3,2018-06-15 22:00:00, DanceEnthusiastCityNightPerformance , Twitter , #Mesmerizing #NightDancePerformance ,40.0,80.0,USA,2018,6,15,22
573,577,"As the first snowflake descends, the winter enthusiast eagerly prepares for a season of frosty delights, anticipating the magic of snow-covered landscapes. ",0.375,2022-12-01 17:45:00, SnowLoverWinterEnthusiast , Facebook , #WinterMagic #SnowyLandscapes ,30.0,60.0,Canada,2022,12,1,17
576,580,"At the astronomy observatory, the stargazer marvels at the vastness of the cosmos, contemplating the mysteries hidden within the celestial expanse. ",-0.16666666666666666,2016-09-22 20:00:00, AstronomyEnthusiastStargazing , Facebook , #CelestialWonder #Stargazing ,18.0,35.0,USA,2016,9,22,20
581,585,Successfully avoided eye contact with my crush in the hallway. Mission accomplished. #TeenCrush #StealthMode ,0.475,2023-05-20 19:45:00, CrushAvoider , Twitter , #CrushStruggles #AvoidingEyeContact ,15.0,30.0,USA,2023,5,20,19
582,586,Ran out of snacks during a movie marathon. Crisis level: Emergency! #MovieNightStruggles #TeenProblems ,0.0,2023-05-21 21:00:00, MovieBuff , Instagram , #SnackCrisis #TeenLife ,18.0,35.0,Canada,2023,5,21,21
584,588,Lost my headphones again. How do they vanish into thin air? #HeadphoneMystery #TeenLife ,-0.4,2023-05-23 16:45:00, AudioExplorer , Twitter , #TeenProblems #LostHeadphones ,20.0,40.0,USA,2023,5,23,16
585,589,Decided to study for exams but ended up making memes about studying instead. Procrastination level: Expert. #ProcrastinationNation #TeenConfessions ,0.0,2023-05-24 13:15:00, MemeCreator , Instagram , #StudyingMemes #TeenLife ,25.0,50.0,Canada,2023,5,24,13
586,590,"Got dressed for the day, then remembered it's Saturday. Oops. #WeekendVibes #TeenStruggles ",0.0,2023-05-25 19:00:00, FashionBlunder , Facebook , #WeekendOops #TeenFashion ,20.0,40.0,USA,2023,5,25,19
588,592,"Entered the kitchen with the intention to cook. Left with a bag of chips. Cooking is overrated, anyway. #MasterChefInTraining #TeenHumor ",0.0,2023-05-27 21:15:00, ChipExplorer , Instagram , #TeenChef #CookingFail ,22.0,45.0,Canada,2023,5,27,21
589,593,"Staring at the clock in class, waiting for the bell to ring like it's the most exciting event of the day. #ClassCountdown #TeenLife ",0.4,2023-05-28 12:00:00, ExcitementSeeker , Facebook , #ClassEvent #TeenExcitement ,18.0,35.0,USA,2023,5,28,12
591,595,"Bought a new video game, played for hours, forgot to eat. The ultimate gaming session. #GamerLife #NoFoodGaming ",-0.08787878787878789,2023-05-30 20:45:00, GamingEnthusiast , Instagram , #GameOn #TeenGamer ,22.0,45.0,USA,2023,5,30,20
592,596,Spent the day binge-watching a new series. Productivity level: Zero. #LazyDay #TVSeriesMarathon ,0.018181818181818174,2023-05-31 15:30:00, LazyWatcher , Facebook , #BingeWatchDay #TeenLife ,35.0,70.0,Canada,2023,5,31,15
593,597,Caught up on the latest fashion trends and now planning a shopping spree. #Fashionista #TrendyTeen ,0.5,2023-06-01 18:00:00, TrendExplorer , Twitter , #FashionGoals #TeenStyle ,20.0,40.0,USA,2023,6,1,18
595,599,Spent hours creating the perfect playlist for every mood. Music is my therapy. #PlaylistMaker #TeenMusicLover ,0.45,2023-06-03 21:15:00, MusicAficionado , Facebook , #MusicTherapy #TeenPlaylist ,22.0,45.0,Canada,2023,6,3,21
596,600,Successfully cooked a gourmet meal for the family. Chef skills unlocked! #ChefMode #TeenChef ,0.9375,2023-06-04 19:30:00, HomeChef , Twitter , #CookingSuccess #TeenCook ,25.0,50.0,USA,2023,6,4,19
598,602,Attended a concert and danced the night away. Music is the heartbeat of life. #ConcertVibes #DanceAllNight ,0.0,2023-06-06 22:30:00, DanceEnthusiast , Facebook , #MusicMagic #TeenConcert ,28.0,55.0,Canada,2023,6,6,22
599,603,Rediscovered childhood cartoons and had a nostalgia-filled marathon. #CartoonNostalgia #TeenMemories ,0.0,2023-06-07 12:45:00, NostalgiaExplorer , Twitter , #ChildhoodMemories #TeenCartoons ,22.0,45.0,USA,2023,6,7,12
601,605,"Spent the afternoon at a museum, pretending to be cultured. Art enthusiast in the making. #MuseumDay #TeenArtLover ",-0.1,2023-06-09 14:00:00, ArtExplorer , Facebook , #CulturalDay #TeenCuriosity ,20.0,40.0,USA,2023,6,9,14
602,606,Started a blog about random thoughts and musings. Blogging is the new diary. #BloggerLife #TeenBlogger ,-0.18181818181818182,2023-06-10 17:30:00, ThoughtfulBlogger , Twitter , #BloggingJourney #TeenThoughts ,30.0,60.0,Canada,2023,6,10,17
603,607,Relishing a peaceful afternoon with a classic novel. Quiet moments are the best moments. #BookLover #PeacefulAfternoon ,0.35416666666666663,2023-06-11 15:30:00, NovelEnthusiast , Instagram , #QuietMoments #BookishEscape ,35.0,70.0,USA,2023,6,11,15
605,609,Exploring the world of digital art. It's never too late to discover new passions. #DigitalArtistry #LateBloomer ,-0.05454545454545454,2023-06-13 14:45:00, ArtAdventurer , Facebook , #ArtDiscovery #SeniorArtist ,22.0,45.0,Canada,2023,6,13,14
606,610,Savoring the flavors of a home-cooked meal. Simple joys are the heart of happiness. #HomeCooking #SimpleJoys ,0.35,2023-06-14 19:30:00, HomeChefSenior , Instagram , #HappinessInFood #SeniorLife ,25.0,50.0,USA,2023,6,14,19
608,612,"Attended a classical music concert, feeling the timeless melodies resonate. Music transcends generations. #ClassicalMusic #TimelessMelodies ",0.0,2023-06-16 21:45:00, MusicConnoisseur , Facebook , #MusicLover #SeniorConcert ,18.0,35.0,Canada,2023,6,16,21
609,613,Capturing the beauty of nature through photography. Every snapshot is a treasure. #NaturePhotography #SeniorPhotographer ,0.0,2023-06-17 15:00:00, PhotographySenior , Instagram , #NatureCapture #SeniorMoments ,35.0,70.0,USA,2023,6,17,15
611,615,"Embarked on a road trip to revisit cherished places from the past. Nostalgia, the ultimate travel companion. #RoadTrip #NostalgiaTour ",-0.125,2023-06-19 16:30:00, RoadTripSenior , Facebook , #CherishedPlaces #SeniorTravel ,22.0,45.0,Canada,2023,6,19,16
612,616,"Joined a community choir, harmonizing with fellow voices. Music creates bonds that withstand time. #CommunityChoir #HarmonyInAging ",0.0,2023-06-20 14:20:00, ChoirEnthusiast , Instagram , #MusicHarmony #SeniorVoices ,20.0,40.0,USA,2023,6,20,14
614,618,"Taking a stroll in the garden, appreciating the beauty of blooming flowers. Nature's wonders never cease. #GardenWalk #FloralBeauty ",0.0,2023-06-22 13:45:00, GardenEnthusiast , Facebook , #NatureWonders #SeniorGarden ,25.0,50.0,USA,2023,6,22,13
616,620,"Participated in a community art class, unleashing creativity in the golden years. Art has no age limit. #ArtClass #SeniorArtistry ",0.3,2023-06-24 16:15:00, ArtisticSenior , Twitter , #CreativityAtAnyAge #SeniorCreativity ,22.0,45.0,Canada,2023,6,24,16
617,621,"Embarking on a journey of writing a memoir, documenting a lifetime of experiences. Every story matters. #MemoirWriting #SeniorStories ",0.0,2023-06-25 20:30:00, MemoiristSenior , Facebook , #LifetimeExperiences #SeniorMemoir ,35.0,70.0,USA,2023,6,25,20
619,623,"Rediscovered the joy of cooking traditional family recipes. The kitchen, a place of cherished memories. #FamilyRecipes #SeniorCooking ",0.4,2023-06-27 17:45:00, FamilyChefSenior , Twitter , #KitchenMemories #SeniorCulinary ,20.0,40.0,USA,2023,6,27,17
621,625,"Attended a jazz concert and swayed to the rhythm of timeless tunes. Music, a constant companion in the golden years. #JazzConcert #SeniorMusic ",0.15,2023-06-29 16:30:00, JazzMusicLover , Instagram , #TimelessTunes #SeniorJazz ,25.0,50.0,USA,2023,6,29,16
623,627,"Embarked on a solo travel adventure, discovering the beauty of new places at my own pace. #SoloTravel #SeniorExplorer ",0.36818181818181817,2023-07-01 14:00:00, SoloAdventurer , Instagram , #DiscoverNewPlaces #SeniorTravel ,30.0,60.0,USA,2023,7,1,14
625,629,"Started a community garden, growing not just plants but friendships too. Green thumbs unite! #CommunityGarden #SeniorGardener ",-0.25,2023-07-03 12:45:00, GreenThumbSenior , Twitter , #GardenFriends #SeniorGreenThumb ,28.0,55.0,Canada,2023,7,3,12
626,630,"Hosted a family dinner, where laughter echoed louder than the clinking of utensils. Family, the heart of happiness. #FamilyDinner #SeniorHost ",0.7,2023-07-04 17:00:00, FamilyHostSenior , Instagram , #HeartwarmingMoments #SeniorFamily ,35.0,70.0,USA,2023,7,4,17
628,632,"Visited an art gallery, appreciating the brushstrokes that tell tales of creativity. Art, an eternal companion. #ArtGallery #SeniorArtLover ",0.0,2023-07-06 14:30:00, ArtGalleryVisitor , Facebook , #CreativeExpressions #SeniorArt ,25.0,50.0,USA,2023,7,6,14
630,634,"Hosted a picnic in the park, basking in the warmth of friendship and sunshine. Simple joys, timeless memories. #ParkPicnic #SeniorJoy ",0.0,2023-07-08 16:00:00, SeniorPicnicHost , Twitter , #FriendshipSunshine #SeniorMemories ,30.0,60.0,Canada,2023,7,8,16
631,635,"Participated in a local theater production, proving that the stage belongs to every age. #TheaterProduction #SeniorActor ",0.0,2023-07-09 22:30:00, SeniorActor , Facebook , #StagePassion #SeniorTheater ,20.0,40.0,USA,2023,7,9,22
633,637,Hosted a photography exhibition featuring snapshots of a life well-lived. Every photo has a story to tell. #PhotographyExhibition #SeniorPhotographer ,0.0,2023-07-11 18:45:00, SeniorPhotographerExhibitor , Twitter , #LifeInPictures #SeniorExhibition ,22.0,45.0,Canada,2023,7,11,18
634,638,"Joined a seniors' cycling club, feeling the wind in my hair and the freedom of the open road. #CyclingClub #SeniorCyclist ",0.0,2023-07-12 13:45:00, SeniorCyclingEnthusiast , Facebook , #OpenRoadAdventures #SeniorCycling ,25.0,50.0,USA,2023,7,12,13
636,640,"Started learning ballroom dancing, gliding gracefully across the dance floor. Ageless elegance in every step. #BallroomDancing #SeniorDancer ",0.0,2023-07-14 16:15:00, SeniorBallroomDancer , Twitter , #GracefulMoves #SeniorDance ,20.0,40.0,USA,2023,7,14,16
637,641,"Organized a community painting event, turning blank canvases into a masterpiece of shared creativity. #PaintingEvent #SeniorArtist ",0.0,2023-07-15 19:30:00, SeniorPaintingOrganizer , Facebook , #CommunityArt #SeniorCreativity ,28.0,55.0,Canada,2023,7,15,19
638,642,"Hosted a 'memory lane' evening with old friends, reminiscing about the adventures that shaped our lives. #MemoryLane #SeniorReminiscing ",0.1,2023-07-16 14:00:00, SeniorMemoriesHost , Instagram , #FriendshipAdventures #SeniorNostalgia ,30.0,60.0,USA,2023,7,16,14
640,644,"Attended a local jazz festival, tapping toes to the tunes that have stood the test of time. Music, a lifelong love affair. #JazzFestival #SeniorMusicLover ",0.13333333333333333,2023-07-18 16:30:00, SeniorJazzFestivalGoer , Facebook , #TimelessTunes #SeniorJazz ,25.0,50.0,USA,2023,7,18,16
642,646,"Participated in a charity run, proving that age is no barrier to supporting meaningful causes. #CharityRun #SeniorRunner ",0.375,2023-07-20 17:00:00, SeniorCharityRunner , Twitter , #RunForACause #SeniorSupport ,30.0,60.0,Canada,2023,7,20,17
643,647,"Survived a challenging physics exam. Equations, you won't defeat me! ",0.625,2023-08-01 13:30:00, PhysicsWhizHighSchool , Instagram , #PhysicsSurvivor #HighSchoolAdventures ,20.0,40.0,USA,2023,8,1,13
645,649,"Joined the school debate team. Words are my weapons, and I'm ready for battle! ",0.25,2023-08-03 12:15:00, DebateWarriorHighSchool , Facebook , #DebateWarrior #HighSchoolDebater ,18.0,35.0,Canada,2023,8,3,12
646,650,"Started a photography club at school. Capturing moments, one snapshot at a time! ",0.0,2023-08-04 16:30:00, PhotoClubHighSchool , Instagram , #PhotographyClub #HighSchoolPhotographer ,22.0,45.0,USA,2023,8,4,16
647,651,"Daydreaming about the upcoming prom. The dress, the dance ‚Äì it's a fairytale in the making! ",0.0,2023-08-05 19:45:00, PromDreamerHighSchool , Twitter , #PromDreams #HighSchoolFairytale ,30.0,60.0,Canada,2023,8,5,19
648,652,Convinced the teacher to have class outdoors. Learning equations with a side of fresh air! ,0.375,2023-08-06 14:00:00, OutdoorClassHighSchool , Facebook , #OutdoorClassroom #HighSchoolExplorer ,28.0,55.0,USA,2023,8,6,14
650,654,Trying to master the perfect kickflip on my skateboard. Skating into the weekend like a pro! ,1.0,2023-08-08 16:00:00, SkateProHighSchool , Twitter , #SkaterLife #HighSchoolSkater ,30.0,60.0,Canada,2023,8,8,16
651,655,Bonding with friends over the latest K-pop sensation. Fangirling at its finest! ,0.625,2023-08-09 22:30:00, KpopFangirlHighSchool , Facebook , #KpopFangirl #HighSchoolMusic ,20.0,40.0,USA,2023,8,9,22
653,657,Successfully organized a surprise birthday party for a friend. Party planning expert mode: Achieved! ,0.9375,2023-08-11 18:45:00, BirthdayPartyPlannerHighSchool , Twitter , #BirthdayParty #HighSchoolCelebration ,22.0,45.0,Canada,2023,8,11,18
654,658,"Joined the drama club to unleash my inner actor. Lights, camera, action! ",0.0625,2023-08-12 13:45:00, DramaClubStarHighSchool , Facebook , #DramaClubStar #HighSchoolActor ,25.0,50.0,USA,2023,8,12,13
656,660,Mastering the art of the perfect doodle during boring classes. Doodles: A+! ,0.0,2023-08-14 16:15:00, DoodleMasterHighSchool , Twitter , #DoodleMaster #HighSchoolArt ,20.0,40.0,USA,2023,8,14,16
657,661,Attempting to break the school record for the longest handstand. Wish me luck! ,0.0,2023-08-15 19:30:00, HandstandChallengeHighSchool , Facebook , #HandstandChallenge #HighSchoolAthlete ,28.0,55.0,Canada,2023,8,15,19
658,662,Sneaking snacks into class like a pro. The art of snack-smuggling is a sacred skill! ,0.0,2023-08-16 14:00:00, SnackSmugglerHighSchool , Instagram , #SnackSmuggler #HighSchoolSnacks ,30.0,60.0,USA,2023,8,16,14
660,664,"Spent hours on a TikTok dance, only to realize I have two left feet. Dance fail: Unleashed! ",-0.18125,2023-08-18 16:30:00, TikTokFailHighSchool , Facebook , #DanceFail #HighSchoolTikTok ,25.0,50.0,USA,2023,8,18,16
662,666,Tried to impress my crush with a smooth conversation. Ended up spilling my drink. Smooth level: Nonexistent! ,0.45,2023-08-20 17:00:00, CrushFailHighSchool , Twitter , #CrushFail #HighSchoolEmbarrassment ,30.0,60.0,Canada,2023,8,20,17
663,667,Mastered the art of creating paper airplanes during lecture. Paper planes: Soaring to new heights! ,0.17045454545454544,2023-08-21 15:45:00, PaperPlaneExpertHighSchool , Instagram , #PaperPlaneExpert #HighSchoolArt ,15.0,30.0,USA,2023,8,21,15
664,668,Trying to set a new trend by juggling textbooks between classes. Academic juggling: A unique skill! ,0.20170454545454544,2023-08-22 12:30:00, JugglingProHighSchool , Facebook , #TextbookJuggling #HighSchoolSkills ,22.0,40.0,Canada,2023,8,22,12
665,669,Hiding a snack stash in my backpack for emergency cravings. Snack ninja mode: Activated! ,0.0,2023-08-23 16:45:00, SnackNinjaHighSchool , Twitter , #SnackNinja #HighSchoolSnacks ,28.0,55.0,USA,2023,8,23,16
667,671,Danced in the rain to celebrate the end of exams. Rain dance: Unexpectedly refreshing! ,0.625,2023-08-25 14:15:00, RainDanceCelebrationHighSchool , Facebook , #RainDance #HighSchoolJoy ,25.0,50.0,Canada,2023,8,25,14
668,672,Accidentally sent a text meant for a friend to the class group chat. Texting fail: Oops moment! ,-0.625,2023-08-26 17:30:00, GroupChatBlunderHighSchool , Twitter , #TextingFail #HighSchoolAwkward ,18.0,35.0,USA,2023,8,26,17
670,674,Perfecting the art of creating origami during a dull lecture. Origami mastery: A+! ,-0.36458333333333337,2023-08-28 16:00:00, OrigamiProHighSchool , Twitter , #OrigamiMaster #HighSchoolArt ,18.0,36.0,USA,2023,8,28,16
671,675,Attempting to set a new record for the most consecutive hacky sack kicks. Hacky sack skills: Unleashed! ,0.3806818181818182,2023-08-29 13:45:00, HackySackChampionHighSchool , Instagram , #HackySackChallenge #HighSchoolAthlete ,26.0,48.0,Canada,2023,8,29,13
672,676,Creating a secret handshake with friends. Friendship level: Expert! ,-0.5,2023-08-30 17:30:00, SecretHandshakeHighSchool , Facebook , #FriendshipGoals #HighSchoolMemories ,20.0,40.0,USA,2023,8,30,17
674,678,Practicing a stand-up comedy routine for the upcoming talent show. Comedy gig: In the making! ,0.0,2023-09-01 14:45:00, ComedyGeniusHighSchool , Instagram , #StandUpComedy #HighSchoolTalent ,21.0,39.0,Canada,2023,9,1,14
675,679,Accidentally sent a love letter to the wrong person. Love note fail: Maximum embarrassment! ,-0.03125,2023-09-02 18:30:00, LoveLetterBlunderHighSchool , Facebook , #LoveLetterFail #HighSchoolAwkward ,17.0,33.0,USA,2023,9,2,18
677,681,Crafting intricate friendship bracelets for the whole squad. Friendship level: Expert weaver! ,0.25,2023-09-04 15:15:00, BraceletCraftsmanHighSchool , Instagram , #FriendshipBracelets #HighSchoolCrafts ,19.0,37.0,USA,2023,9,4,15
678,682,Attempting to beat the record for the most consecutive cartwheels. Cartwheel challenge: Underway! ,0.625,2023-09-05 12:30:00, CartwheelMasterHighSchool , Twitter , #CartwheelChallenge #HighSchoolAthlete ,27.0,52.0,Canada,2023,9,5,12
680,684,Experimenting with a new hair color. A bold change for a bold semester! ,0.2954545454545454,2023-09-07 18:20:00, HairColorExperimentHighSchool , Instagram , #HairExperiment #HighSchoolStyle ,20.0,39.0,USA,2023,9,7,18
681,685,Building a time capsule to capture memories for the future. Time-traveling emotions! ,0.0,2023-09-08 14:15:00, TimeCapsuleCreatorHighSchool , Facebook , #TimeCapsule #HighSchoolNostalgia ,26.0,48.0,Canada,2023,9,8,14
682,686,Accidentally walked into the wrong classroom on the first day. Classroom mix-up: Awkward start! ,-0.3333333333333333,2023-09-09 17:30:00, ClassroomBlunderHighSchool , Twitter , #FirstDayOops #HighSchoolEmbarrassment ,16.0,32.0,USA,2023,9,9,17
684,688,Reflecting on the challenges of the school year. Feeling a bit overwhelmed with assignments. ,0.0,2023-09-11 15:45:00, OverwhelmedHighSchoolStudent , Twitter , #SchoolChallenges #HighSchoolStruggles ,15.0,28.0,USA,2023,9,11,15
685,689,Encountered some mean-spirited comments online. Dealing with online hate is never easy. ,-0.5083333333333333,2023-09-12 12:30:00, DealingWithHateHighSchool , Instagram , #OnlineHate #HighSchoolReality ,18.0,36.0,Canada,2023,9,12,12
687,691,Feeling down after not making the sports team. Disappointment lingers. ,-0.37777777777777777,2023-09-14 18:20:00, SportsTeamRejectionHighSchool , Twitter , #Disappointment #HighSchoolSports ,17.0,34.0,USA,2023,9,14,18
688,692,Witnessed a heated argument in the cafeteria. Unpleasant atmosphere at lunch. ,-0.6499999999999999,2023-09-15 14:15:00, CafeteriaConflictHighSchool , Instagram , #CafeteriaDrama #HighSchoolTension ,21.0,41.0,Canada,2023,9,15,14
690,694,Dealing with a personal setback. Sometimes life throws unexpected challenges. ,0.05,2023-09-17 20:45:00, PersonalSetbackHighSchool , Twitter , #LifeChallenges #HighSchoolStruggles ,22.0,44.0,USA,2023,9,17,20
691,695,Feeling lonely on a Saturday night. Sometimes solitude hits harder than expected. ,-0.09999999999999999,2023-09-18 22:00:00, LonelySaturdayHighSchool , Instagram , #LonelyNights #HighSchoolEmotions ,16.0,31.0,Canada,2023,9,18,22
693,697,Caught in a torrential rainstorm without an umbrella. Today's weather is just bad luck. ,-0.6999999999999998,2023-09-20 12:30:00, RainyDayBluesHighSchool , Twitter , #BadLuck #HighSchoolWeather ,18.0,35.0,USA,2023,9,20,12
694,698,Missing an important event due to unforeseen circumstances. A day filled with sadness. ,0.11875000000000001,2023-09-21 16:45:00, MissedOpportunityHighSchool , Instagram , #MissedChances #HighSchoolRegret ,20.0,39.0,Canada,2023,9,21,16
696,700,Got a flat tire on the way to an important meeting. Talk about a series of bad events! ,-0.1666666666666666,2023-09-23 14:15:00, FlatTireWoesHighSchool , Twitter , #BadLuckDay #HighSchoolStruggles ,25.0,50.0,USA,2023,9,23,14
697,701,Feeling a sense of emptiness after a close friend moves away. Farewells are always sad. ,-0.5,2023-09-24 17:30:00, FriendMovingAwayHighSchool , Instagram , #SayingGoodbye #HighSchoolEmotions ,21.0,42.0,Canada,2023,9,24,17
699,703,Encountering online toxicity during a gaming session. Hateful comments can ruin the fun. ,0.3,2023-09-26 14:15:00, GamingToxicityHighSchool , Twitter , #OnlineGaming #HighSchoolGamer ,16.0,32.0,USA,2023,9,26,14
700,704,Having a bad hair day and feeling self-conscious. Bad hair days can affect confidence. ,-0.6999999999999998,2023-09-27 17:30:00, BadHairDayBluesHighSchool , Instagram , #BadHairDay #HighSchoolConfidence ,18.0,36.0,Canada,2023,9,27,17
702,706,Experiencing hate comments for expressing personal opinions. Online negativity prevails. ,-0.4,2023-09-29 15:45:00, OpinionsHateHighSchool , Twitter , #OnlineOpinions #HighSchoolCriticism ,24.0,48.0,USA,2023,9,29,15
703,707,Having a string of bad luck with constant technology malfunctions. Tech troubles galore! ,-0.3499999999999999,2023-09-30 18:20:00, TechMalfunctionWoesHighSchool , Instagram , #TechIssues #HighSchoolTech ,22.0,43.0,Canada,2023,9,30,18
705,709,Trying out a new study technique for upcoming exams. Exploring different learning strategies. ,0.06818181818181818,2023-10-02 16:45:00, StudyTechniqueExperimentHighSchool , Instagram , #StudyStrategies #HighSchoolExams ,23.0,42.0,USA,2023,10,2,16
706,710,Organizing a community cleanup event for a cleaner neighborhood. Promoting environmental awareness. ,0.0,2023-10-03 12:30:00, CommunityCleanupHighSchool , Twitter , #EnvironmentalEfforts #HighSchoolCommunity ,26.0,50.0,Canada,2023,10,3,12
708,712,Experimenting with a new recipe for a school bake sale. Baking adventures in the kitchen. ,0.13636363636363635,2023-10-05 14:15:00, BakeSaleRecipeExperimentHighSchool , Instagram , #BakingAdventures #HighSchoolBakes ,21.0,43.0,USA,2023,10,5,14
709,713,Collaborating on a school project with peers. Teamwork makes the dream work. ,0.0,2023-10-06 17:30:00, SchoolProjectCollaborationHighSchool , Twitter , #Teamwork #HighSchoolProjects ,18.0,36.0,Canada,2023,10,6,17
711,715,Exploring a new part-time job opportunity for gaining work experience. Career development in progress. ,0.13636363636363635,2023-10-08 15:15:00, PartTimeJobExplorationHighSchool , Facebook , #CareerDevelopment #HighSchoolJobs ,24.0,48.0,USA,2023,10,8,15
712,716,Attending a school assembly to stay informed about upcoming events and announcements. Staying connected with school activities. ,0.0,2023-10-09 22:00:00, SchoolAssemblyParticipationHighSchool , Twitter , #SchoolEvents #HighSchoolConnectivity ,20.0,40.0,Canada,2023,10,9,22
714,718,Participating in a science fair to showcase a unique experiment. Sharing knowledge with peers. ,0.5375,2023-10-11 16:45:00, ScienceFairParticipationHighSchool , Facebook , #ScienceFair #HighSchoolScience ,19.0,37.0,USA,2023,10,11,16
715,719,Attending a workshop on time management to enhance organizational skills. Striving for efficiency. ,0.0,2023-10-12 18:20:00, TimeManagementWorkshopHighSchool , Twitter , #EfficiencyGoals #HighSchoolSkills ,23.0,44.0,Canada,2023,10,12,18
717,721,Collaborating on a group project to promote teamwork and shared responsibilities. Group effort in action. ,0.1,2023-10-14 17:30:00, GroupProjectCollaborationHighSchool , Facebook , #TeamSpirit #HighSchoolProjects ,18.0,35.0,USA,2023,10,14,17
718,722,Participating in a debate club to enhance critical thinking and communication skills. Intellectual engagement in progress. ,0.15,2023-10-15 20:45:00, DebateClubParticipationHighSchool , Twitter , #DebateSkills #HighSchoolIntellect ,22.0,43.0,Canada,2023,10,15,20
720,724,Successfully completing a challenging coding project. Excitement for overcoming coding hurdles! ,0.6875,2023-10-17 12:30:00, CodingSuccessHighSchool , Twitter , #CodingTriumph #HighSchoolTech ,24.0,48.0,USA,2023,10,17,12
721,725,Attending a school talent show to support classmates. Applauding the diverse talents on display! ,0.0,2023-10-18 16:45:00, TalentShowSupportHighSchool , Facebook , #TalentShow #HighSchoolEntertainment ,19.0,38.0,Canada,2023,10,18,16
723,727,Winning a friendly sports competition against rival schools. Victory celebrations in full swing! ,0.4375,2023-10-20 14:15:00, SportsVictoryHighSchool , Twitter , #SportsTriumph #HighSchoolAthletics ,26.0,50.0,USA,2023,10,20,14
724,728,Receiving a heartfelt letter from a pen pal in another country. Connecting across the globe! ,0.0,2023-10-21 17:30:00, PenPalConnectionHighSchool , Facebook , #GlobalFriendship #HighSchoolCorrespondence ,23.0,45.0,Canada,2023,10,21,17
726,730,Participating in a school-wide art exhibition. Witnessing creativity and spreading positive vibes! ,0.28409090909090906,2015-11-10 16:45:00, ArtExhibitionJoyHighSchool , Instagram , #ArtisticExpression #HighSchoolCreativity ,23.0,44.0,USA,2015,11,10,16
727,731,Achieving a personal best in a track and field competition. The thrill of victory and self-improvement! ,0.5,2016-09-14 12:30:00, TrackFieldSuccessHighSchool , Twitter , #AthleticAchievement #HighSchoolSports ,26.0,51.0,Canada,2016,9,14,12
729,733,"Attending a surprise birthday party organized by friends. Surrounded by love, laughter, and good company! ",0.6875,2018-06-22 14:15:00, BirthdayPartyJoyHighSchool , Instagram , #SurpriseCelebration #HighSchoolFriendship ,25.0,48.0,USA,2018,6,22,14
730,734,Successfully fundraising for a school charity initiative. The joy of giving back to the community! ,0.5166666666666667,2019-04-05 17:30:00, CharityFundraisingTriumphHighSchool , Twitter , #CommunityGiving #HighSchoolPhilanthropy ,22.0,42.0,Canada,2019,4,5,17
732,736,"Organizing a virtual talent show during challenging times, bringing smiles to classmates' faces! ",0.625,2020-11-15 15:15:00, VirtualTalentShowSuccessHighSchool , Instagram , #VirtualEntertainment #HighSchoolPositivity ,24.0,47.0,USA,2020,11,15,15
